<?xml version='1.0' encoding='ISO-8859-1' ?>
<File Type='Application' Version='4.1.0'>
<Application Debug='False'>
<Platform Name='iPhone OS'>
<OS>10.5</OS>
<DeviceName>iPad</DeviceName>
<DisplayUnit>pixel</DisplayUnit>
<DisplayWidth>768</DisplayWidth>
<DisplayHeight>1004</DisplayHeight>
</Platform>
<Information>
<ToolName>Vtpro-e</ToolName>
<ToolVersion>5221</ToolVersion>
<Date>20130815141821</Date>
</Information>
<Setting>
<Port>41794</Port>
</Setting>
<ZOrder Fixed='False'/>
<RootPage>Main</RootPage>
</Application>
</File>
