<?xml version='1.0' encoding='ISO-8859-1' ?>
<File Type='Resource' Version='4.1.0'>
<Resources>
<Font Id='1' Size ='35' FaceName='Arial' Weight='400' Bold='False' Italic='False' Underline='False' Strike='False' />
<Font Id='2' Size ='49' FaceName='Arial' Weight='400' Bold='False' Italic='False' Underline='False' Strike='False' />
<Font Id='3' Size ='35' FaceName='Arial' Weight='700' Bold='True' Italic='False' Underline='False' Strike='False' />
<Text Id='1'>On/Off</Text>
<Text Id='2'>Up</Text>
<Text Id='3'>Down</Text>
<Text Id='4'>Status :</Text>
</Resources>
</File>
