<?xml version='1.0' encoding='ISO-8859-1' ?>
<File Type='Page' Version='4.1.0'>
<Control Type='Page' Name='Main' Transition='0' TransitionDuration='-1'>
<Position Units='Pixels' X='0' Y='0' />
<Size Units='Pixels' Width='768' Height='1004' />
<VisualStyles>
<VisualStyle>
<Background>
<Color  R='1' G='1' B='1' A='1' />
</Background>
</VisualStyle>
</VisualStyles>
<Control Type='Button' Name='Button'>
<Position Units='Pixels' X='69' Y='218' />
<Size Units='Pixels' Width='175' Height='211' />
<VisualStyles>
<VisualStyle State='0' Mode='0'>
<Face Type='2D'>
<Color  R='0.752941' G='0.752941' B='0.752941' A='1' />
</Face>
<Text Id='1' FontId='1' Alignment='CenterCenter' Wrap='False'>
<Color  R='0' G='0' B='0' A='1' />
</Text>
</VisualStyle>
<VisualStyle State='1' Mode='0'>
<Face Type='2D'>
<Color  R='0' G='0.501961' B='1' A='1' />
</Face>
<Text Id='1' FontId='1' Alignment='CenterCenter' Wrap='False'>
<Color  R='0' G='0' B='0' A='1' />
</Text>
</VisualStyle>
</VisualStyles>
<Bindings>
<Binding Id='4' Type='Digital' Property='State'/>
</Bindings>
<Commands>
<Command Action='TouchDown' Id='4' Type='Digital' Value='True' />
<Command Action='TouchUp' Id='4' Type='Digital' Value='False' />
</Commands>
</Control>
<Control Type='Button' Name='Button'>
<Position Units='Pixels' X='331' Y='218' />
<Size Units='Pixels' Width='175' Height='211' />
<VisualStyles>
<VisualStyle State='0' Mode='0'>
<Face Type='2D'>
<Color  R='0.752941' G='0.752941' B='0.752941' A='1' />
</Face>
<Text Id='2' FontId='1' Alignment='CenterCenter' Wrap='False'>
<Color  R='0' G='0' B='0' A='1' />
</Text>
</VisualStyle>
<VisualStyle State='1' Mode='0'>
<Face Type='2D'>
<Color  R='0' G='0.501961' B='1' A='1' />
</Face>
<Text Id='2' FontId='1' Alignment='CenterCenter' Wrap='False'>
<Color  R='0' G='0' B='0' A='1' />
</Text>
</VisualStyle>
</VisualStyles>
<Bindings>
<Binding Id='5' Type='Digital' Property='State'/>
</Bindings>
<Commands>
<Command Action='TouchDown' Id='5' Type='Digital' Value='True' />
<Command Action='TouchUp' Id='5' Type='Digital' Value='False' />
</Commands>
</Control>
<Control Type='Button' Name='Button'>
<Position Units='Pixels' X='520' Y='218' />
<Size Units='Pixels' Width='175' Height='211' />
<VisualStyles>
<VisualStyle State='0' Mode='0'>
<Face Type='2D'>
<Color  R='0.752941' G='0.752941' B='0.752941' A='1' />
</Face>
<Text Id='3' FontId='1' Alignment='CenterCenter' Wrap='False'>
<Color  R='0' G='0' B='0' A='1' />
</Text>
</VisualStyle>
<VisualStyle State='1' Mode='0'>
<Face Type='2D'>
<Color  R='0' G='0.501961' B='1' A='1' />
</Face>
<Text Id='3' FontId='1' Alignment='CenterCenter' Wrap='False'>
<Color  R='0' G='0' B='0' A='1' />
</Text>
</VisualStyle>
</VisualStyles>
<Bindings>
<Binding Id='6' Type='Digital' Property='State'/>
</Bindings>
<Commands>
<Command Action='TouchDown' Id='6' Type='Digital' Value='True' />
<Command Action='TouchUp' Id='6' Type='Digital' Value='False' />
</Commands>
</Control>
<Control Type='Button' Name='GaugeBackdrop'>
<Position Units='Pixels' X='69' Y='456' />
<Size Units='Pixels' Width='626' Height='152' />
<VisualStyles>
<VisualStyle State='0' Mode='0'>
<Face Type='2D'>
<Color  R='0.752941' G='0.752941' B='0.752941' A='1' />
</Face>
<Text FontId='2' Alignment='CenterCenter' Wrap='False'>
<Color  R='0' G='0' B='0' A='1' />
</Text>
</VisualStyle>
</VisualStyles>
</Control>
<Control Type='Slider' Name='Analog Gauge'>
<Position Units='Pixels' X='69' Y='456' />
<Size Units='Pixels' Width='626' Height='152' />
<VisualStyles>
<VisualStyle State='0' Mode='0'>
<Format Type='2' Signed='False'>
<Slider Direction='0' />
</Format>
<Face Type='2D'>
<Color  R='0' G='0.501961' B='1' A='1' />
</Face>
<Text FontId='2' Alignment='CenterCenter' Wrap='False'>
<Color  R='0' G='0' B='0' A='1' />
</Text>
</VisualStyle>
</VisualStyles>
<Bindings>
<Binding Id='5' Type='Analog' Property='Mode'/>
</Bindings>
</Control>
<Control Type='Button' Name='Text'>
<Position Units='Pixels' X='124' Y='768' />
<Size Units='Pixels' Width='180' Height='139' />
<VisualStyles>
<VisualStyle State='0' Mode='0'>
<Text Id='4' FontId='1' Alignment='CenterCenter' Wrap='False'>
<Color  R='0' G='0' B='0' A='1' />
</Text>
</VisualStyle>
</VisualStyles>
</Control>
<Control Type='Button' Name='Text'>
<Position Units='Pixels' X='350' Y='742' />
<Size Units='Pixels' Width='292' Height='165' />
<VisualStyles>
<VisualStyle State='0' Mode='0'>
<Text FontId='3' Alignment='CenterCenter' Wrap='False'>
<Bindings>
<Binding Id='4' Type='Serial' Property='Text'/>
</Bindings>
<Color  R='0' G='0' B='0' A='1' />
</Text>
</VisualStyle>
</VisualStyles>
</Control>
</Control>
</File>
